"file","caption","category","png_time","StartTime"
"bio1_sizeatage.png","Length at age in the beginning of the year (or season) in the ending year of the model. Shaded area indicates 95% distribution of length at age around estimated growth curve.","Bio",2020-05-13 00:12:55,"StartTime: Tue May 12 23:59:21 2020"
"bio2_sizeatage_plus_CV_and_SD.png","Length at age (top-left panel) with CV (thick line) and SD (thin line) of length at age shown in top-right and lower-left panels","Bio",2020-05-13 00:12:55,"StartTime: Tue May 12 23:59:21 2020"
"bio3_sizeatage_plus_WT_and_MAT.png","Length at age (top-left panel) with weight (thick line) and maturity (thin line) shown in top-right and lower-left panels","Bio",2020-05-13 00:12:55,"StartTime: Tue May 12 23:59:21 2020"
"bio1B_len_at_age_matrix_1.png","Distribution of length at age for seas: 1 sub_seas: 1 morph: 1","Bio",2020-05-13 00:12:55,"StartTime: Tue May 12 23:59:21 2020"
"bio1B_len_at_age_matrix_2.png","Distribution of length at age for seas: 1 sub_seas: 1 morph: 2","Bio",2020-05-13 00:12:55,"StartTime: Tue May 12 23:59:21 2020"
"bio1B_len_at_age_matrix_3.png","Distribution of length at age for seas: 1 sub_seas: 2 morph: 1","Bio",2020-05-13 00:12:55,"StartTime: Tue May 12 23:59:21 2020"
"bio1B_len_at_age_matrix_4.png","Distribution of length at age for seas: 1 sub_seas: 2 morph: 2","Bio",2020-05-13 00:12:55,"StartTime: Tue May 12 23:59:21 2020"
"bio5_weightatsize.png","Weight-length relationship","Bio",2020-05-13 00:12:55,"StartTime: Tue May 12 23:59:21 2020"
"bio6_maturity.png","Maturity at length","Bio",2020-05-13 00:12:55,"StartTime: Tue May 12 23:59:21 2020"
"bio7_fecundity.png","Fecundity","Bio",2020-05-13 00:12:55,"StartTime: Tue May 12 23:59:21 2020"
"bio8_fecundity_wt.png","Fecundity as a function of weight","Bio",2020-05-13 00:12:55,"StartTime: Tue May 12 23:59:21 2020"
"bio9_fecundity_len.png","Fecundity as a function of length","Bio",2020-05-13 00:12:55,"StartTime: Tue May 12 23:59:21 2020"
"bio10_spawningoutput_len.png","Spawning output at length. This is the product of maturity and fecundity unless maturity is age-based, in which case only fecundity is represented.","Bio",2020-05-13 00:12:55,"StartTime: Tue May 12 23:59:21 2020"
"bio11_spawningoutput_age.png","Spawning output at age. This is the product of maturity and fecundity. When these processes are length-based they are converted into the age dimension using the matrix of length at age.","Bio",2020-05-13 00:12:55,"StartTime: Tue May 12 23:59:21 2020"
"sel01_multiple_fleets_length1.png","Selectivity at length for multiple fleets.","Sel",2020-05-13 00:12:55,"StartTime: Tue May 12 23:59:21 2020"
"sel02_multiple_fleets_age1.png","Selectivity at age for multiple fleets.","Sel",2020-05-13 00:12:55,"StartTime: Tue May 12 23:59:21 2020"
"sel02_multiple_fleets_age2.png","Selectivity at age derived from selectivity at length for multiple fleets.","Sel",2020-05-13 00:12:55,"StartTime: Tue May 12 23:59:21 2020"
"sel09_len_flt1sex1.png","Female ending year selectivity for Bottom.Trawl","Sel",2020-05-13 00:12:55,"StartTime: Tue May 12 23:59:21 2020"
"sel09_len_flt1sex2.png","Male ending year selectivity for Bottom.Trawl","Sel",2020-05-13 00:12:55,"StartTime: Tue May 12 23:59:21 2020"
"sel09_len_flt2sex1.png","Female ending year selectivity for Gillnet","Sel",2020-05-13 00:12:55,"StartTime: Tue May 12 23:59:21 2020"
"sel09_len_flt2sex2.png","Male ending year selectivity for Gillnet","Sel",2020-05-13 00:12:55,"StartTime: Tue May 12 23:59:21 2020"
"sel09_len_flt3sex1.png","Female ending year selectivity for Comm.HL","Sel",2020-05-13 00:12:55,"StartTime: Tue May 12 23:59:21 2020"
"sel09_len_flt3sex2.png","Male ending year selectivity for Comm.HL","Sel",2020-05-13 00:12:55,"StartTime: Tue May 12 23:59:21 2020"
"sel09_len_flt4sex1.png","Female ending year selectivity for CPFV","Sel",2020-05-13 00:12:55,"StartTime: Tue May 12 23:59:21 2020"
"sel09_len_flt4sex2.png","Male ending year selectivity for CPFV","Sel",2020-05-13 00:12:55,"StartTime: Tue May 12 23:59:21 2020"
"sel09_len_flt5sex1.png","Female ending year selectivity for Other.Rec","Sel",2020-05-13 00:12:55,"StartTime: Tue May 12 23:59:21 2020"
"sel09_len_flt5sex2.png","Male ending year selectivity for Other.Rec","Sel",2020-05-13 00:12:55,"StartTime: Tue May 12 23:59:21 2020"
"sel09_len_flt6sex1.png","Female ending year selectivity for SFBay","Sel",2020-05-13 00:12:55,"StartTime: Tue May 12 23:59:21 2020"
"sel09_len_flt6sex2.png","Male ending year selectivity for SFBay","Sel",2020-05-13 00:12:55,"StartTime: Tue May 12 23:59:21 2020"
"sel21_agelen_contour_flt1sex1.png","Female ending year selectivity and growth for Bottom.Trawl","Sel",2020-05-13 00:12:55,"StartTime: Tue May 12 23:59:21 2020"
"sel21_agelen_contour_flt1sex2.png","Male ending year selectivity and growth for Bottom.Trawl","Sel",2020-05-13 00:12:55,"StartTime: Tue May 12 23:59:21 2020"
"sel21_agelen_contour_flt2sex1.png","Female ending year selectivity and growth for Gillnet","Sel",2020-05-13 00:12:55,"StartTime: Tue May 12 23:59:21 2020"
"sel21_agelen_contour_flt2sex2.png","Male ending year selectivity and growth for Gillnet","Sel",2020-05-13 00:12:55,"StartTime: Tue May 12 23:59:21 2020"
"sel21_agelen_contour_flt3sex1.png","Female ending year selectivity and growth for Comm.HL","Sel",2020-05-13 00:12:55,"StartTime: Tue May 12 23:59:21 2020"
"sel21_agelen_contour_flt3sex2.png","Male ending year selectivity and growth for Comm.HL","Sel",2020-05-13 00:12:55,"StartTime: Tue May 12 23:59:21 2020"
"sel21_agelen_contour_flt4sex1.png","Female ending year selectivity and growth for CPFV","Sel",2020-05-13 00:12:55,"StartTime: Tue May 12 23:59:21 2020"
"sel21_agelen_contour_flt4sex2.png","Male ending year selectivity and growth for CPFV","Sel",2020-05-13 00:12:55,"StartTime: Tue May 12 23:59:21 2020"
"sel21_agelen_contour_flt5sex1.png","Female ending year selectivity and growth for Other.Rec","Sel",2020-05-13 00:12:55,"StartTime: Tue May 12 23:59:21 2020"
"sel21_agelen_contour_flt5sex2.png","Male ending year selectivity and growth for Other.Rec","Sel",2020-05-13 00:12:55,"StartTime: Tue May 12 23:59:21 2020"
"sel21_agelen_contour_flt6sex1.png","Female ending year selectivity and growth for SFBay","Sel",2020-05-13 00:12:55,"StartTime: Tue May 12 23:59:21 2020"
"sel21_agelen_contour_flt6sex2.png","Male ending year selectivity and growth for SFBay","Sel",2020-05-13 00:12:55,"StartTime: Tue May 12 23:59:21 2020"
"ts1_Total_biomass_(mt).png","Total biomass (mt)","Timeseries",2020-05-13 00:12:55,"StartTime: Tue May 12 23:59:21 2020"
"ts4_Summary_biomass_(mt).png","Summary biomass (mt)","Timeseries",2020-05-13 00:12:55,"StartTime: Tue May 12 23:59:21 2020"
"ts7_Spawning_output.png","Spawning output","Timeseries",2020-05-13 00:12:55,"StartTime: Tue May 12 23:59:21 2020"
"ts9_Fraction_of_unfished.png","Fraction of unfished","Timeseries",2020-05-13 00:12:55,"StartTime: Tue May 12 23:59:21 2020"
"ts11_Age-0_recruits_(1000s).png","Age-0 recruits (1,000s)","Timeseries",2020-05-13 00:12:55,"StartTime: Tue May 12 23:59:21 2020"
"ts_summaryF.png","Summary F (definition of F depends on setting in starter.ss)","Timeseries",2020-05-13 00:12:55,"StartTime: Tue May 12 23:59:21 2020"
"recdevs1_points.png","Recruitment deviations","RecDev",2020-05-13 00:12:55,"StartTime: Tue May 12 23:59:21 2020"
"SR_curve.png","Stock-recruit curve.  Point colors indicate year, with warmer colors indicating earlier years and cooler colors in showing later years.","S-R",2020-05-13 00:12:55,"StartTime: Tue May 12 23:59:21 2020"
"SR_curve2.png","Stock-recruit curve with labels on first, last, and years with (log) deviations > 0.5. Point colors indicate year, with warmer colors indicating earlier years and cooler colors in showing later years.","S-R",2020-05-13 00:12:55,"StartTime: Tue May 12 23:59:21 2020"
"SR_resids.png","Deviations around the stock-recruit curve. Labels are on first, last, and years with (log) deviations > 0.5. Point colors indicate year, with warmer colors indicating earlier years and cooler colors in showing later years.","S-R",2020-05-13 00:12:55,"StartTime: Tue May 12 23:59:21 2020"
"catch1 landings.png","landings","Catch",2020-05-13 00:12:55,"StartTime: Tue May 12 23:59:21 2020"
"catch2 landings stacked.png","landings stacked","Catch",2020-05-13 00:12:55,"StartTime: Tue May 12 23:59:21 2020"
"catch3 observed and expected landings (if different).png","observed and expected landings (if different)","Catch",2020-05-13 00:12:55,"StartTime: Tue May 12 23:59:21 2020"
"catch4 total catch (including discards).png","total catch (including discards)","Catch",2020-05-13 00:12:55,"StartTime: Tue May 12 23:59:21 2020"
"catch5 total catch (including discards) stacked.png","total catch (including discards) stacked","Catch",2020-05-13 00:12:55,"StartTime: Tue May 12 23:59:21 2020"
"catch6 discards.png","discards","Catch",2020-05-13 00:12:55,"StartTime: Tue May 12 23:59:21 2020"
"catch7 discards stacked plot (depends on multiple fleets).png","discards stacked plot (depends on multiple fleets)","Catch",2020-05-13 00:12:55,"StartTime: Tue May 12 23:59:21 2020"
"catch8 discard fraction.png","discard fraction","Catch",2020-05-13 00:12:55,"StartTime: Tue May 12 23:59:21 2020"
"catch9 harvest rate.png","harvest rate","Catch",2020-05-13 00:12:55,"StartTime: Tue May 12 23:59:21 2020"
"catch16 landings + dead discards.png"," landings + dead discards","Catch",2020-05-13 00:12:55,"StartTime: Tue May 12 23:59:21 2020"
"SPR1_series.png","Timeseries of SPR","SPR",2020-05-13 00:12:55,"StartTime: Tue May 12 23:59:21 2020"
"SPR2_minusSPRseries.png","Timeseries of 1-SPR","SPR",2020-05-13 00:12:55,"StartTime: Tue May 12 23:59:21 2020"
"SPR4_phase.png","Phase plot of biomass ratio vs. SPR ratio","SPR",2020-05-13 00:12:55,"StartTime: Tue May 12 23:59:21 2020"
"discard_dataBottom.Trawl.png","Total discard for Bottom.Trawl","Discard",2020-05-13 00:12:55,"StartTime: Tue May 12 23:59:21 2020"
"discard_fitBottom.Trawl.png","Total discard for Bottom.Trawl","Discard",2020-05-13 00:12:55,"StartTime: Tue May 12 23:59:21 2020"
"discard_dataGillnet.png","Total discard for Gillnet","Discard",2020-05-13 00:12:55,"StartTime: Tue May 12 23:59:21 2020"
"discard_fitGillnet.png","Total discard for Gillnet","Discard",2020-05-13 00:12:55,"StartTime: Tue May 12 23:59:21 2020"
"discard_dataComm.HL.png","Total discard for Comm.HL","Discard",2020-05-13 00:12:55,"StartTime: Tue May 12 23:59:21 2020"
"discard_fitComm.HL.png","Total discard for Comm.HL","Discard",2020-05-13 00:12:55,"StartTime: Tue May 12 23:59:21 2020"
"discard_dataCPFV.png","Total discard for CPFV","Discard",2020-05-13 00:12:55,"StartTime: Tue May 12 23:59:21 2020"
"discard_fitCPFV.png","Total discard for CPFV","Discard",2020-05-13 00:12:55,"StartTime: Tue May 12 23:59:21 2020"
"discard_dataOther.Rec.png","Total discard for Other.Rec","Discard",2020-05-13 00:12:55,"StartTime: Tue May 12 23:59:21 2020"
"discard_fitOther.Rec.png","Total discard for Other.Rec","Discard",2020-05-13 00:12:55,"StartTime: Tue May 12 23:59:21 2020"
"index1_cpuedata_Bottom.Trawl.png","Index data for Bottom.Trawl. Lines indicate 95% uncertainty interval around index values based on the model assumption of lognormal error. Thicker lines (if present) indicate input uncertainty before addition of estimated additional uncertainty parameter.","Index",2020-05-13 00:12:55,"StartTime: Tue May 12 23:59:21 2020"
"index2_cpuefit_Bottom.Trawl.png","Fit to index data for Bottom.Trawl. Lines indicate 95% uncertainty interval around index values based on the model assumption of lognormal error. Thicker lines (if present) indicate input uncertainty before addition of estimated additional uncertainty parameter.","Index",2020-05-13 00:12:55,"StartTime: Tue May 12 23:59:21 2020"
"index3_obs_vs_exp_Bottom.Trawl.png","Observed vs. expected index values with smoother for Bottom.Trawl","Index",2020-05-13 00:12:55,"StartTime: Tue May 12 23:59:21 2020"
"index4_logcpuedata_Bottom.Trawl.png","Log index data for Bottom.Trawl. Lines indicate 95% uncertainty interval around index values based on the model assumption of lognormal error. Thicker lines (if present) indicate input uncertainty before addition of estimated additional uncertainty parameter.","Index",2020-05-13 00:12:55,"StartTime: Tue May 12 23:59:21 2020"
"index5_logcpuefit_Bottom.Trawl.png","Fit to log index data on log scale for Bottom.Trawl. Lines indicate 95% uncertainty interval around index values based on the model assumption of lognormal error. Thicker lines (if present) indicate input uncertainty before addition of estimated additional uncertainty parameter.","Index",2020-05-13 00:12:55,"StartTime: Tue May 12 23:59:21 2020"
"index6_log_obs_vs_exp_Bottom.Trawl.png","log(observed) vs. log(expected) index values with smoother for Bottom.Trawl","Index",2020-05-13 00:12:55,"StartTime: Tue May 12 23:59:21 2020"
"index10_resids_SE_total_Bottom.Trawl.png","Residuals of fit to index for Bottom.Trawl.<br>Values are (log(Obs) - log(Exp))/SE where SE is the total standard error including any estimated additional uncertainty.","Index",2020-05-13 00:12:55,"StartTime: Tue May 12 23:59:21 2020"
"index12_resids_SE_total_Bottom.Trawl.png","Deviations for fit to index for Bottom.Trawl.<br>Values are log(Obs) - log(Exp) and thus independent of index uncertainty.","Index",2020-05-13 00:12:55,"StartTime: Tue May 12 23:59:21 2020"
"index1_cpuedata_CPFV.png","Index data for CPFV. Lines indicate 95% uncertainty interval around index values based on the model assumption of lognormal error. Thicker lines (if present) indicate input uncertainty before addition of estimated additional uncertainty parameter.","Index",2020-05-13 00:12:55,"StartTime: Tue May 12 23:59:21 2020"
"index2_cpuefit_CPFV.png","Fit to index data for CPFV. Lines indicate 95% uncertainty interval around index values based on the model assumption of lognormal error. Thicker lines (if present) indicate input uncertainty before addition of estimated additional uncertainty parameter.","Index",2020-05-13 00:12:55,"StartTime: Tue May 12 23:59:21 2020"
"index3_obs_vs_exp_CPFV.png","Observed vs. expected index values with smoother for CPFV","Index",2020-05-13 00:12:55,"StartTime: Tue May 12 23:59:21 2020"
"index4_logcpuedata_CPFV.png","Log index data for CPFV. Lines indicate 95% uncertainty interval around index values based on the model assumption of lognormal error. Thicker lines (if present) indicate input uncertainty before addition of estimated additional uncertainty parameter.","Index",2020-05-13 00:12:55,"StartTime: Tue May 12 23:59:21 2020"
"index5_logcpuefit_CPFV.png","Fit to log index data on log scale for CPFV. Lines indicate 95% uncertainty interval around index values based on the model assumption of lognormal error. Thicker lines (if present) indicate input uncertainty before addition of estimated additional uncertainty parameter.","Index",2020-05-13 00:12:55,"StartTime: Tue May 12 23:59:21 2020"
"index6_log_obs_vs_exp_CPFV.png","log(observed) vs. log(expected) index values with smoother for CPFV","Index",2020-05-13 00:12:55,"StartTime: Tue May 12 23:59:21 2020"
"index10_resids_SE_total_CPFV.png","Residuals of fit to index for CPFV.<br>Values are (log(Obs) - log(Exp))/SE where SE is the total standard error including any estimated additional uncertainty.","Index",2020-05-13 00:12:55,"StartTime: Tue May 12 23:59:21 2020"
"index12_resids_SE_total_CPFV.png","Deviations for fit to index for CPFV.<br>Values are log(Obs) - log(Exp) and thus independent of index uncertainty.","Index",2020-05-13 00:12:55,"StartTime: Tue May 12 23:59:21 2020"
"index1_cpuedata_SFBay.png","Index data for SFBay. Lines indicate 95% uncertainty interval around index values based on the model assumption of lognormal error. Thicker lines (if present) indicate input uncertainty before addition of estimated additional uncertainty parameter.","Index",2020-05-13 00:12:55,"StartTime: Tue May 12 23:59:21 2020"
"index2_cpuefit_SFBay.png","Fit to index data for SFBay. Lines indicate 95% uncertainty interval around index values based on the model assumption of lognormal error. Thicker lines (if present) indicate input uncertainty before addition of estimated additional uncertainty parameter.","Index",2020-05-13 00:12:55,"StartTime: Tue May 12 23:59:21 2020"
"index3_obs_vs_exp_SFBay.png","Observed vs. expected index values with smoother for SFBay","Index",2020-05-13 00:12:55,"StartTime: Tue May 12 23:59:21 2020"
"index4_logcpuedata_SFBay.png","Log index data for SFBay. Lines indicate 95% uncertainty interval around index values based on the model assumption of lognormal error. Thicker lines (if present) indicate input uncertainty before addition of estimated additional uncertainty parameter.","Index",2020-05-13 00:12:55,"StartTime: Tue May 12 23:59:21 2020"
"index5_logcpuefit_SFBay.png","Fit to log index data on log scale for SFBay. Lines indicate 95% uncertainty interval around index values based on the model assumption of lognormal error. Thicker lines (if present) indicate input uncertainty before addition of estimated additional uncertainty parameter.","Index",2020-05-13 00:12:55,"StartTime: Tue May 12 23:59:21 2020"
"index6_log_obs_vs_exp_SFBay.png","log(observed) vs. log(expected) index values with smoother for SFBay","Index",2020-05-13 00:12:55,"StartTime: Tue May 12 23:59:21 2020"
"index10_resids_SE_total_SFBay.png","Residuals of fit to index for SFBay.<br>Values are (log(Obs) - log(Exp))/SE where SE is the total standard error including any estimated additional uncertainty.","Index",2020-05-13 00:12:55,"StartTime: Tue May 12 23:59:21 2020"
"index12_resids_SE_total_SFBay.png","Deviations for fit to index for SFBay.<br>Values are log(Obs) - log(Exp) and thus independent of index uncertainty.","Index",2020-05-13 00:12:55,"StartTime: Tue May 12 23:59:21 2020"
"index9_standcpueall.png","Standardized indices overlaid","Index",2020-05-13 00:12:55,"StartTime: Tue May 12 23:59:21 2020"
"numbers1_sex1_beg.png","Beginning of year expected numbers at age of females in (max ~ 9.8 million)","Numbers",2020-05-13 00:12:55,"StartTime: Tue May 12 23:59:21 2020"
"numbers1_sex2_beg.png","Beginning of year expected numbers at age of males in (max ~ 9.8 million)","Numbers",2020-05-13 00:12:55,"StartTime: Tue May 12 23:59:21 2020"
"numbers2_meanage_beg.png","Beginning of year mean age in the population","Numbers",2020-05-13 00:12:55,"StartTime: Tue May 12 23:59:21 2020"
"numbers1_sex1_mid.png","Middle of year expected numbers at age of females in (max ~ 8.6 million)","Numbers",2020-05-13 00:12:55,"StartTime: Tue May 12 23:59:21 2020"
"numbers1_sex2_mid.png","Middle of year expected numbers at age of males in (max ~ 8.2 million)","Numbers",2020-05-13 00:12:55,"StartTime: Tue May 12 23:59:21 2020"
"numbers2_meanage_mid.png","Middle of year mean age in the population","Numbers",2020-05-13 00:12:55,"StartTime: Tue May 12 23:59:21 2020"
"numbers3_frac_female_age.png","Fraction female in numbers at age","Numbers",2020-05-13 00:12:55,"StartTime: Tue May 12 23:59:21 2020"
"numbers6_len_sex1.png","Beginning of year expected numbers at length of females in (max ~ 5.8 million)","Numbers",2020-05-13 00:12:55,"StartTime: Tue May 12 23:59:21 2020"
"numbers6_len_sex2.png","Beginning of year expected numbers at length of males in (max ~ 5.8 million)","Numbers",2020-05-13 00:12:55,"StartTime: Tue May 12 23:59:21 2020"
"numbers7_meanlen.png","Beginning of year mean length (cm) in the population","Numbers",2020-05-13 00:12:55,"StartTime: Tue May 12 23:59:21 2020"
"numbers6_len_sex1.png","Middle of year expected numbers at length of females in (max ~ 766.2 thousand)","Numbers",2020-05-13 00:12:55,"StartTime: Tue May 12 23:59:21 2020"
"numbers6_len_sex2.png","Middle of year expected numbers at length of males in (max ~ 777.0 thousand)","Numbers",2020-05-13 00:12:55,"StartTime: Tue May 12 23:59:21 2020"
"numbers7_meanlen.png","Middle of year mean length (cm) in the population","Numbers",2020-05-13 00:12:55,"StartTime: Tue May 12 23:59:21 2020"
"numbers8_frac_female_len.png","Middle of year mean length (cm) in the population","Numbers",2020-05-13 00:12:55,"StartTime: Tue May 12 23:59:21 2020"
"numbers4_equilagecomp.png","Equilibrium age distribution","Numbers",2020-05-13 00:12:55,"StartTime: Tue May 12 23:59:21 2020"
"numbers5_ageerrorSD.png","Ageing imprecision: SD of observed age (yr)","Numbers",2020-05-13 00:12:55,"StartTime: Tue May 12 23:59:21 2020"
"numbers5_ageerror_matrix_1.png","Ageing imprecision: matrix for method 1 <br>(White = 1.0, Orange = 0.5, Red = 0.0)","Numbers",2020-05-13 00:12:55,"StartTime: Tue May 12 23:59:21 2020"
"numbers10_ageerror_matrix_1.png","Distribution of observed age at true age 
 for ageing error type 1","Numbers",2020-05-13 00:12:55,"StartTime: Tue May 12 23:59:21 2020"
"comp_lendat_flt1mkt2_page1.png","Length comp data, retained, Bottom.Trawl (plot 1 of 2).<br><br>'N adj.' is the input sample size after data-weighting adjustment. N eff. is the calculated effective sample size used in the McAllister-Iannelli tuning method.","CompDat",2020-05-13 00:12:55,"StartTime: Tue May 12 23:59:21 2020"
"comp_lendat_flt1mkt2_page2.png","Length comp data, retained, Bottom.Trawl (plot 2 of 2)","CompDat",2020-05-13 00:12:55,"StartTime: Tue May 12 23:59:21 2020"
"comp_lendat_bubflt1mkt2_page2.png","Length comp data, retained, Bottom.Trawl (max=0.27) (plot 2 of 2)","CompDat",2020-05-13 00:12:55,"StartTime: Tue May 12 23:59:21 2020"
"comp_lendat_data_weighting_TA1.8_Bottom.Trawl.png","Mean length for Bottom.Trawl with 95% confidence intervals based on current samples sizes.","CompDat",2020-05-13 00:12:55,"StartTime: Tue May 12 23:59:21 2020"
"comp_lendat_flt1mkt1.png","Length comp data, discard, Bottom.Trawl.<br><br>'N adj.' is the input sample size after data-weighting adjustment. N eff. is the calculated effective sample size used in the McAllister-Iannelli tuning method.","CompDat",2020-05-13 00:12:55,"StartTime: Tue May 12 23:59:21 2020"
"comp_lendat_bubflt1mkt1.png","Length comp data, discard, Bottom.Trawl (max=0.19)","CompDat",2020-05-13 00:12:55,"StartTime: Tue May 12 23:59:21 2020"
"comp_lendat_data_weighting_TA1.8_Bottom.Trawl.png","Mean length for Bottom.Trawl with 95% confidence intervals based on current samples sizes.","CompDat",2020-05-13 00:12:55,"StartTime: Tue May 12 23:59:21 2020"
"comp_lendat_flt3mkt2.png","Length comp data, retained, Comm.HL.<br><br>'N adj.' is the input sample size after data-weighting adjustment. N eff. is the calculated effective sample size used in the McAllister-Iannelli tuning method.","CompDat",2020-05-13 00:12:55,"StartTime: Tue May 12 23:59:21 2020"
"comp_lendat_bubflt3mkt2.png","Length comp data, retained, Comm.HL (max=0.11)","CompDat",2020-05-13 00:12:55,"StartTime: Tue May 12 23:59:21 2020"
"comp_lendat_data_weighting_TA1.8_Comm.HL.png","Mean length for Comm.HL with 95% confidence intervals based on current samples sizes.","CompDat",2020-05-13 00:12:55,"StartTime: Tue May 12 23:59:21 2020"
"comp_lendat_flt4mkt2.png","Length comp data, retained, CPFV.<br><br>'N adj.' is the input sample size after data-weighting adjustment. N eff. is the calculated effective sample size used in the McAllister-Iannelli tuning method.","CompDat",2020-05-13 00:12:55,"StartTime: Tue May 12 23:59:21 2020"
"comp_lendat_bubflt4mkt2.png","Length comp data, retained, CPFV (max=0.12)","CompDat",2020-05-13 00:12:55,"StartTime: Tue May 12 23:59:21 2020"
"comp_lendat_data_weighting_TA1.8_CPFV.png","Mean length for CPFV with 95% confidence intervals based on current samples sizes.","CompDat",2020-05-13 00:12:55,"StartTime: Tue May 12 23:59:21 2020"
"comp_lendat_flt5mkt2.png","Length comp data, retained, Other.Rec.<br><br>'N adj.' is the input sample size after data-weighting adjustment. N eff. is the calculated effective sample size used in the McAllister-Iannelli tuning method.","CompDat",2020-05-13 00:12:55,"StartTime: Tue May 12 23:59:21 2020"
"comp_lendat_bubflt5mkt2.png","Length comp data, retained, Other.Rec (max=0.11)","CompDat",2020-05-13 00:12:55,"StartTime: Tue May 12 23:59:21 2020"
"comp_lendat_data_weighting_TA1.8_Other.Rec.png","Mean length for Other.Rec with 95% confidence intervals based on current samples sizes.","CompDat",2020-05-13 00:12:55,"StartTime: Tue May 12 23:59:21 2020"
"comp_lendat_flt6mkt0_page1.png","Length comp data, whole catch, SFBay (plot 1 of 2).<br><br>'N adj.' is the input sample size after data-weighting adjustment. N eff. is the calculated effective sample size used in the McAllister-Iannelli tuning method.","CompDat",2020-05-13 00:12:55,"StartTime: Tue May 12 23:59:21 2020"
"comp_lendat_flt6mkt0_page2.png","Length comp data, whole catch, SFBay (plot 2 of 2)","CompDat",2020-05-13 00:12:55,"StartTime: Tue May 12 23:59:21 2020"
"comp_lendat_bubflt6mkt0_page2.png","Length comp data, whole catch, SFBay (max=0.18) (plot 2 of 2)","CompDat",2020-05-13 00:12:55,"StartTime: Tue May 12 23:59:21 2020"
"comp_lendat_data_weighting_TA1.8_SFBay.png","Mean length for SFBay with 95% confidence intervals based on current samples sizes.","CompDat",2020-05-13 00:12:55,"StartTime: Tue May 12 23:59:21 2020"
"comp_lendat__aggregated_across_time.png","Length comp data, aggregated across time by fleet.
 <br> Labels 'retained' and 'discard' indicate discarded or retained sampled for each fleet. Panels without this designation represent the whole catch.
","CompDat",2020-05-13 00:12:55,"StartTime: Tue May 12 23:59:21 2020"
"comp_lendat__page1_multi-fleet_comparison.png","Length comp data,  comparing across fleets (plot 1 of 2)","CompDat",2020-05-13 00:12:55,"StartTime: Tue May 12 23:59:21 2020"
"comp_lendat__page2_multi-fleet_comparison.png","Length comp data,  comparing across fleets (plot 2 of 2)","CompDat",2020-05-13 00:12:55,"StartTime: Tue May 12 23:59:21 2020"
"comp_condAALdat_bubflt1mkt2_page1.png","Conditional age-at-length data, retained, Bottom.Trawl (max=1) (plot 1 of 3)","CompDat",2020-05-13 00:12:55,"StartTime: Tue May 12 23:59:21 2020"
"comp_condAALdat_bubflt1mkt2_page2.png","Conditional age-at-length data, retained, Bottom.Trawl (max=1) (plot 1 of 3) (plot 2 of 3)","CompDat",2020-05-13 00:12:55,"StartTime: Tue May 12 23:59:21 2020"
"comp_condAALdat_bubflt1mkt2_page3.png","Conditional age-at-length data, retained, Bottom.Trawl (max=1) (plot 1 of 3) (plot 2 of 3) (plot 3 of 3)","CompDat",2020-05-13 00:12:55,"StartTime: Tue May 12 23:59:21 2020"
"comp_condAALdat_data_weighting_TA1.8_condAgeBottom.Trawl.png","Mean age from conditional data (aggregated across length bins) for Bottom.Trawl with 95% confidence intervals  based on current samples sizes.","CompDat",2020-05-13 00:12:55,"StartTime: Tue May 12 23:59:21 2020"
"comp_condAALdat_Andre_plotsflt1mkt2_page1.png","Conditional AAL plot, retained, Bottom.Trawl (plot 1 of 4)
These plots show mean age and std. dev. in conditional A@L.<br>Left plots are mean A@L by size-class (obs. and pred.) with 90% CIs based on adding 1.64 SE of mean to the data.<br>Right plots in each pair are SE of mean A@L (obs. and pred.) with 90% CIs based on the chi-square distribution.","CompDat",2020-05-13 00:12:55,"StartTime: Tue May 12 23:59:21 2020"
"comp_condAALdat_Andre_plotsflt1mkt2_page2.png","Conditional AAL plot, retained, Bottom.Trawl (plot 2 of 4)","CompDat",2020-05-13 00:12:55,"StartTime: Tue May 12 23:59:21 2020"
"comp_condAALdat_Andre_plotsflt1mkt2_page3.png","Conditional AAL plot, retained, Bottom.Trawl (plot 3 of 4)","CompDat",2020-05-13 00:12:55,"StartTime: Tue May 12 23:59:21 2020"
"comp_condAALdat_Andre_plotsflt1mkt2_page4.png","Conditional AAL plot, retained, Bottom.Trawl (plot 4 of 4)","CompDat",2020-05-13 00:12:55,"StartTime: Tue May 12 23:59:21 2020"
"comp_condAALdat_bubflt3mkt2_page1.png","Conditional age-at-length data, retained, Comm.HL (max=1) (plot 1 of 3)","CompDat",2020-05-13 00:12:55,"StartTime: Tue May 12 23:59:21 2020"
"comp_condAALdat_bubflt3mkt2_page2.png","Conditional age-at-length data, retained, Comm.HL (max=1) (plot 1 of 3) (plot 2 of 3)","CompDat",2020-05-13 00:12:55,"StartTime: Tue May 12 23:59:21 2020"
"comp_condAALdat_bubflt3mkt2_page3.png","Conditional age-at-length data, retained, Comm.HL (max=1) (plot 1 of 3) (plot 2 of 3) (plot 3 of 3)","CompDat",2020-05-13 00:12:55,"StartTime: Tue May 12 23:59:21 2020"
"comp_condAALdat_data_weighting_TA1.8_condAgeComm.HL.png","Mean age from conditional data (aggregated across length bins) for Comm.HL with 95% confidence intervals  based on current samples sizes.","CompDat",2020-05-13 00:12:55,"StartTime: Tue May 12 23:59:21 2020"
"comp_condAALdat_Andre_plotsflt3mkt2_page1.png","Conditional AAL plot, retained, Comm.HL (plot 1 of 4)
These plots show mean age and std. dev. in conditional A@L.<br>Left plots are mean A@L by size-class (obs. and pred.) with 90% CIs based on adding 1.64 SE of mean to the data.<br>Right plots in each pair are SE of mean A@L (obs. and pred.) with 90% CIs based on the chi-square distribution.","CompDat",2020-05-13 00:12:55,"StartTime: Tue May 12 23:59:21 2020"
"comp_condAALdat_Andre_plotsflt3mkt2_page2.png","Conditional AAL plot, retained, Comm.HL (plot 2 of 4)","CompDat",2020-05-13 00:12:55,"StartTime: Tue May 12 23:59:21 2020"
"comp_condAALdat_Andre_plotsflt3mkt2_page3.png","Conditional AAL plot, retained, Comm.HL (plot 3 of 4)","CompDat",2020-05-13 00:12:55,"StartTime: Tue May 12 23:59:21 2020"
"comp_condAALdat_Andre_plotsflt3mkt2_page4.png","Conditional AAL plot, retained, Comm.HL (plot 4 of 4)","CompDat",2020-05-13 00:12:55,"StartTime: Tue May 12 23:59:21 2020"
"comp_lenfit_flt1mkt2_page1.png","Length comps, retained, Bottom.Trawl (plot 1 of 2).<br><br>'N adj.' is the input sample size after data-weighting adjustment. N eff. is the calculated effective sample size used in the McAllister-Iannelli tuning method.","LenComp",2020-05-13 00:12:55,"StartTime: Tue May 12 23:59:21 2020"
"comp_lenfit_flt1mkt2_page2.png","Length comps, retained, Bottom.Trawl (plot 2 of 2)","LenComp",2020-05-13 00:12:55,"StartTime: Tue May 12 23:59:21 2020"
"comp_lenfit_residsflt1mkt2_page2.png","Pearson residuals, retained, Bottom.Trawl (max=10.82) (plot 2 of 2) <br> 
Closed bubbles are positive residuals (observed > expected) and open bubbles are negative residuals (observed < expected).","LenComp",2020-05-13 00:12:55,"StartTime: Tue May 12 23:59:21 2020"
"comp_lenfit_sampsize_flt1mkt2.png","N-EffN comparison, Length comps, retained, Bottom.Trawl","LenComp",2020-05-13 00:12:55,"StartTime: Tue May 12 23:59:21 2020"
"comp_lenfit_data_weighting_TA1.8_Bottom.Trawl.png","Mean length for Bottom.Trawl with 95% confidence intervals based on current samples sizes.<br>Francis data weighting method TA1.8: thinner intervals (with capped ends) show result of further adjusting sample sizes based on suggested multiplier (with 95% interval) for len data from Bottom.Trawl:<br>0.8122 (0.5344-1.6162) <br><br>For more info, see<br> <blockquote>Francis, R.I.C.C. (2011). Data weighting in statistical fisheries stock assessment models. <i>Can. J. Fish. Aquat. Sci.</i> 68: 1124-1138.  <a href=https://doi.org/10.1139/f2011-025> https://doi.org/10.1139/f2011-025</a> </blockquote>","LenComp",2020-05-13 00:12:55,"StartTime: Tue May 12 23:59:21 2020"
"comp_lenfit_flt1mkt1.png","Length comps, discard, Bottom.Trawl.<br><br>'N adj.' is the input sample size after data-weighting adjustment. N eff. is the calculated effective sample size used in the McAllister-Iannelli tuning method.","LenComp",2020-05-13 00:12:55,"StartTime: Tue May 12 23:59:21 2020"
"comp_lenfit_residsflt1mkt1.png","Pearson residuals, discard, Bottom.Trawl (max=6.9) <br> 
Closed bubbles are positive residuals (observed > expected) and open bubbles are negative residuals (observed < expected).","LenComp",2020-05-13 00:12:55,"StartTime: Tue May 12 23:59:21 2020"
"comp_lenfit_sampsize_flt1mkt1.png","N-EffN comparison, Length comps, discard, Bottom.Trawl","LenComp",2020-05-13 00:12:55,"StartTime: Tue May 12 23:59:21 2020"
"comp_lenfit_data_weighting_TA1.8_Bottom.Trawl.png","Mean length for Bottom.Trawl with 95% confidence intervals based on current samples sizes.<br>Francis data weighting method TA1.8: thinner intervals (with capped ends) show result of further adjusting sample sizes based on suggested multiplier (with 95% interval) for len data from Bottom.Trawl:<br>0.8122 (0.526-1.6735) <br><br>For more info, see<br> <blockquote>Francis, R.I.C.C. (2011). Data weighting in statistical fisheries stock assessment models. <i>Can. J. Fish. Aquat. Sci.</i> 68: 1124-1138.  <a href=https://doi.org/10.1139/f2011-025> https://doi.org/10.1139/f2011-025</a> </blockquote>","LenComp",2020-05-13 00:12:55,"StartTime: Tue May 12 23:59:21 2020"
"comp_lenfit_flt3mkt2.png","Length comps, retained, Comm.HL.<br><br>'N adj.' is the input sample size after data-weighting adjustment. N eff. is the calculated effective sample size used in the McAllister-Iannelli tuning method.","LenComp",2020-05-13 00:12:55,"StartTime: Tue May 12 23:59:21 2020"
"comp_lenfit_residsflt3mkt2.png","Pearson residuals, retained, Comm.HL (max=3.17) <br> 
Closed bubbles are positive residuals (observed > expected) and open bubbles are negative residuals (observed < expected).","LenComp",2020-05-13 00:12:55,"StartTime: Tue May 12 23:59:21 2020"
"comp_lenfit_sampsize_flt3mkt2.png","N-EffN comparison, Length comps, retained, Comm.HL","LenComp",2020-05-13 00:12:55,"StartTime: Tue May 12 23:59:21 2020"
"comp_lenfit_data_weighting_TA1.8_Comm.HL.png","Mean length for Comm.HL with 95% confidence intervals based on current samples sizes.<br>Francis data weighting method TA1.8: thinner intervals (with capped ends) show result of further adjusting sample sizes based on suggested multiplier (with 95% interval) for len data from Comm.HL:<br>1.3264 (0.9503-55.1456) <br><br>For more info, see<br> <blockquote>Francis, R.I.C.C. (2011). Data weighting in statistical fisheries stock assessment models. <i>Can. J. Fish. Aquat. Sci.</i> 68: 1124-1138.  <a href=https://doi.org/10.1139/f2011-025> https://doi.org/10.1139/f2011-025</a> </blockquote>","LenComp",2020-05-13 00:12:55,"StartTime: Tue May 12 23:59:21 2020"
"comp_lenfit_flt4mkt2.png","Length comps, retained, CPFV.<br><br>'N adj.' is the input sample size after data-weighting adjustment. N eff. is the calculated effective sample size used in the McAllister-Iannelli tuning method.","LenComp",2020-05-13 00:12:55,"StartTime: Tue May 12 23:59:21 2020"
"comp_lenfit_residsflt4mkt2.png","Pearson residuals, retained, CPFV (max=3.79) <br> 
Closed bubbles are positive residuals (observed > expected) and open bubbles are negative residuals (observed < expected).","LenComp",2020-05-13 00:12:55,"StartTime: Tue May 12 23:59:21 2020"
"comp_lenfit_sampsize_flt4mkt2.png","N-EffN comparison, Length comps, retained, CPFV","LenComp",2020-05-13 00:12:55,"StartTime: Tue May 12 23:59:21 2020"
"comp_lenfit_data_weighting_TA1.8_CPFV.png","Mean length for CPFV with 95% confidence intervals based on current samples sizes.<br>Francis data weighting method TA1.8: thinner intervals (with capped ends) show result of further adjusting sample sizes based on suggested multiplier (with 95% interval) for len data from CPFV:<br>0.4301 (0.2368-1.3807) <br><br>For more info, see<br> <blockquote>Francis, R.I.C.C. (2011). Data weighting in statistical fisheries stock assessment models. <i>Can. J. Fish. Aquat. Sci.</i> 68: 1124-1138.  <a href=https://doi.org/10.1139/f2011-025> https://doi.org/10.1139/f2011-025</a> </blockquote>","LenComp",2020-05-13 00:12:55,"StartTime: Tue May 12 23:59:21 2020"
"comp_lenfit_flt5mkt2.png","Length comps, retained, Other.Rec.<br><br>'N adj.' is the input sample size after data-weighting adjustment. N eff. is the calculated effective sample size used in the McAllister-Iannelli tuning method.","LenComp",2020-05-13 00:12:55,"StartTime: Tue May 12 23:59:21 2020"
"comp_lenfit_residsflt5mkt2.png","Pearson residuals, retained, Other.Rec (max=3.51) <br> 
Closed bubbles are positive residuals (observed > expected) and open bubbles are negative residuals (observed < expected).","LenComp",2020-05-13 00:12:55,"StartTime: Tue May 12 23:59:21 2020"
"comp_lenfit_sampsize_flt5mkt2.png","N-EffN comparison, Length comps, retained, Other.Rec","LenComp",2020-05-13 00:12:55,"StartTime: Tue May 12 23:59:21 2020"
"comp_lenfit_data_weighting_TA1.8_Other.Rec.png","Mean length for Other.Rec with 95% confidence intervals based on current samples sizes.<br>Francis data weighting method TA1.8: thinner intervals (with capped ends) show result of further adjusting sample sizes based on suggested multiplier (with 95% interval) for len data from Other.Rec:<br>0.4572 (0.3344-0.8012) <br><br>For more info, see<br> <blockquote>Francis, R.I.C.C. (2011). Data weighting in statistical fisheries stock assessment models. <i>Can. J. Fish. Aquat. Sci.</i> 68: 1124-1138.  <a href=https://doi.org/10.1139/f2011-025> https://doi.org/10.1139/f2011-025</a> </blockquote>","LenComp",2020-05-13 00:12:55,"StartTime: Tue May 12 23:59:21 2020"
"comp_lenfit_flt6mkt0_page1.png","Length comps, whole catch, SFBay (plot 1 of 2).<br><br>'N adj.' is the input sample size after data-weighting adjustment. N eff. is the calculated effective sample size used in the McAllister-Iannelli tuning method.","LenComp",2020-05-13 00:12:55,"StartTime: Tue May 12 23:59:21 2020"
"comp_lenfit_flt6mkt0_page2.png","Length comps, whole catch, SFBay (plot 2 of 2)","LenComp",2020-05-13 00:12:55,"StartTime: Tue May 12 23:59:21 2020"
"comp_lenfit_residsflt6mkt0_page2.png","Pearson residuals, whole catch, SFBay (max=16.01) (plot 2 of 2) <br> 
Closed bubbles are positive residuals (observed > expected) and open bubbles are negative residuals (observed < expected).","LenComp",2020-05-13 00:12:55,"StartTime: Tue May 12 23:59:21 2020"
"comp_lenfit_sampsize_flt6mkt0.png","N-EffN comparison, Length comps, whole catch, SFBay","LenComp",2020-05-13 00:12:55,"StartTime: Tue May 12 23:59:21 2020"
"comp_lenfit_data_weighting_TA1.8_SFBay.png","Mean length for SFBay with 95% confidence intervals based on current samples sizes.<br>Francis data weighting method TA1.8: thinner intervals (with capped ends) show result of further adjusting sample sizes based on suggested multiplier (with 95% interval) for len data from SFBay:<br>0.9743 (0.5035-4.0787) <br><br>For more info, see<br> <blockquote>Francis, R.I.C.C. (2011). Data weighting in statistical fisheries stock assessment models. <i>Can. J. Fish. Aquat. Sci.</i> 68: 1124-1138.  <a href=https://doi.org/10.1139/f2011-025> https://doi.org/10.1139/f2011-025</a> </blockquote>","LenComp",2020-05-13 00:12:55,"StartTime: Tue May 12 23:59:21 2020"
"comp_lenfit__aggregated_across_time.png","Length comps, aggregated across time by fleet.
 <br> Labels 'retained' and 'discard' indicate discarded or retained sampled for each fleet. Panels without this designation represent the whole catch.
","LenComp",2020-05-13 00:12:55,"StartTime: Tue May 12 23:59:21 2020"
"comp_lenfit__page1_multi-fleet_comparison.png","Pearson residuals,  comparing across fleets (plot 1 of 2) <br> 
Closed bubbles are positive residuals (observed > expected) and open bubbles are negative residuals (observed < expected).","LenComp",2020-05-13 00:12:55,"StartTime: Tue May 12 23:59:21 2020"
"comp_lenfit__page2_multi-fleet_comparison.png","Pearson residuals,  comparing across fleets (plot 2 of 2)","LenComp",2020-05-13 00:12:55,"StartTime: Tue May 12 23:59:21 2020"
"sexratio_len_flt1mkt2_page1.png","Sex ratios for length comps, retained, Bottom.Trawl (plot 1 of 2).<br>Observed sex ratios (points) with 75% intervals (vertical lines) calculated as a <a href='https://www.jstor.org/stable/2676784'>Jeffreys interval</a> based on the adjusted input sample size. The model expectation is shown in the purple line.","LenComp",2020-05-13 00:12:55,"StartTime: Tue May 12 23:59:21 2020"
"sexratio_len_flt1mkt2_page2.png","Sex ratios for length comps, retained, Bottom.Trawl (plot 2 of 2)","LenComp",2020-05-13 00:12:55,"StartTime: Tue May 12 23:59:21 2020"
"sexratio_len_flt1mkt1.png","Sex ratios for length comps, discard, Bottom.Trawl.<br>Observed sex ratios (points) with 75% intervals (vertical lines) calculated as a <a href='https://www.jstor.org/stable/2676784'>Jeffreys interval</a> based on the adjusted input sample size. The model expectation is shown in the purple line.","LenComp",2020-05-13 00:12:55,"StartTime: Tue May 12 23:59:21 2020"
"sexratio_len_flt3mkt2.png","Sex ratios for length comps, retained, Comm.HL.<br>Observed sex ratios (points) with 75% intervals (vertical lines) calculated as a <a href='https://www.jstor.org/stable/2676784'>Jeffreys interval</a> based on the adjusted input sample size. The model expectation is shown in the purple line.","LenComp",2020-05-13 00:12:55,"StartTime: Tue May 12 23:59:21 2020"
"sexratio_len_flt4mkt2.png","Sex ratios for length comps, retained, CPFV.<br>Observed sex ratios (points) with 75% intervals (vertical lines) calculated as a <a href='https://www.jstor.org/stable/2676784'>Jeffreys interval</a> based on the adjusted input sample size. The model expectation is shown in the purple line.","LenComp",2020-05-13 00:12:55,"StartTime: Tue May 12 23:59:21 2020"
"sexratio_len_flt5mkt2.png","Sex ratios for length comps, retained, Other.Rec.<br>Observed sex ratios (points) with 75% intervals (vertical lines) calculated as a <a href='https://www.jstor.org/stable/2676784'>Jeffreys interval</a> based on the adjusted input sample size. The model expectation is shown in the purple line.","LenComp",2020-05-13 00:12:55,"StartTime: Tue May 12 23:59:21 2020"
"comp_condAALfit_residsflt1mkt2_page1.png","Pearson residuals, retained, Bottom.Trawl (max=24.1) (plot 1 of 3)","A@LComp",2020-05-13 00:12:55,"StartTime: Tue May 12 23:59:21 2020"
"comp_condAALfit_residsflt1mkt2_page2.png","Pearson residuals, retained, Bottom.Trawl (max=24.1) (plot 1 of 3) (plot 2 of 3)","A@LComp",2020-05-13 00:12:55,"StartTime: Tue May 12 23:59:21 2020"
"comp_condAALfit_residsflt1mkt2_page3.png","Pearson residuals, retained, Bottom.Trawl (max=24.1) (plot 1 of 3) (plot 2 of 3) (plot 3 of 3)","A@LComp",2020-05-13 00:12:55,"StartTime: Tue May 12 23:59:21 2020"
"comp_condAALfit_residsflt3mkt2_page1.png","Pearson residuals, retained, Comm.HL (max=23.59) (plot 1 of 3)","A@LComp",2020-05-13 00:12:55,"StartTime: Tue May 12 23:59:21 2020"
"comp_condAALfit_residsflt3mkt2_page2.png","Pearson residuals, retained, Comm.HL (max=23.59) (plot 1 of 3) (plot 2 of 3)","A@LComp",2020-05-13 00:12:55,"StartTime: Tue May 12 23:59:21 2020"
"comp_condAALfit_residsflt3mkt2_page3.png","Pearson residuals, retained, Comm.HL (max=23.59) (plot 1 of 3) (plot 2 of 3) (plot 3 of 3)","A@LComp",2020-05-13 00:12:55,"StartTime: Tue May 12 23:59:21 2020"
"comp_condAALfit_data_weighting_TA1.8_condAgeBottom.Trawl.png","Mean age from conditional data (aggregated across length bins) for Bottom.Trawl with 95% confidence intervals  based on current samples sizes.<br>Francis data weighting method TA1.8: thinner intervals (with capped ends) show result of further adjusting sample sizes based on suggested multiplier (with 95% interval) for conditional age-at-length data from Bottom.Trawl:<br>1.4382 (0.9455-3.7157) <br><br>For more info, see<br> <blockquote>Francis, R.I.C.C. (2011). Data weighting in statistical fisheries stock assessment models. <i>Can. J. Fish. Aquat. Sci.</i> 68: 1124-1138.</blockquote>","A@LComp",2020-05-13 00:12:55,"StartTime: Tue May 12 23:59:21 2020"
"comp_condAALfit_Andre_plotsflt1mkt2_page1.png","Conditional AAL plot, retained, Bottom.Trawl (plot 1 of 4)
These plots show mean age and std. dev. in conditional A@L.<br>Left plots are mean A@L by size-class (obs. and pred.) with 90% CIs based on adding 1.64 SE of mean to the data.<br>Right plots in each pair are SE of mean A@L (obs. and pred.) with 90% CIs based on the chi-square distribution.","A@LComp",2020-05-13 00:12:55,"StartTime: Tue May 12 23:59:21 2020"
"comp_condAALfit_Andre_plotsflt1mkt2_page2.png","Conditional AAL plot, retained, Bottom.Trawl (plot 2 of 4)","A@LComp",2020-05-13 00:12:55,"StartTime: Tue May 12 23:59:21 2020"
"comp_condAALfit_Andre_plotsflt1mkt2_page3.png","Conditional AAL plot, retained, Bottom.Trawl (plot 3 of 4)","A@LComp",2020-05-13 00:12:55,"StartTime: Tue May 12 23:59:21 2020"
"comp_condAALfit_Andre_plotsflt1mkt2_page4.png","Conditional AAL plot, retained, Bottom.Trawl (plot 4 of 4)","A@LComp",2020-05-13 00:12:55,"StartTime: Tue May 12 23:59:21 2020"
"comp_condAALfit_data_weighting_TA1.8_condAgeComm.HL.png","Mean age from conditional data (aggregated across length bins) for Comm.HL with 95% confidence intervals  based on current samples sizes.<br>Francis data weighting method TA1.8: thinner intervals (with capped ends) show result of further adjusting sample sizes based on suggested multiplier (with 95% interval) for conditional age-at-length data from Comm.HL:<br>0.5589 (0.3472-2.0646) <br><br>For more info, see<br> <blockquote>Francis, R.I.C.C. (2011). Data weighting in statistical fisheries stock assessment models. <i>Can. J. Fish. Aquat. Sci.</i> 68: 1124-1138.</blockquote>","A@LComp",2020-05-13 00:12:55,"StartTime: Tue May 12 23:59:21 2020"
"comp_condAALfit_Andre_plotsflt3mkt2_page1.png","Conditional AAL plot, retained, Comm.HL (plot 1 of 4)
These plots show mean age and std. dev. in conditional A@L.<br>Left plots are mean A@L by size-class (obs. and pred.) with 90% CIs based on adding 1.64 SE of mean to the data.<br>Right plots in each pair are SE of mean A@L (obs. and pred.) with 90% CIs based on the chi-square distribution.","A@LComp",2020-05-13 00:12:55,"StartTime: Tue May 12 23:59:21 2020"
"comp_condAALfit_Andre_plotsflt3mkt2_page2.png","Conditional AAL plot, retained, Comm.HL (plot 2 of 4)","A@LComp",2020-05-13 00:12:55,"StartTime: Tue May 12 23:59:21 2020"
"comp_condAALfit_Andre_plotsflt3mkt2_page3.png","Conditional AAL plot, retained, Comm.HL (plot 3 of 4)","A@LComp",2020-05-13 00:12:55,"StartTime: Tue May 12 23:59:21 2020"
"comp_condAALfit_Andre_plotsflt3mkt2_page4.png","Conditional AAL plot, retained, Comm.HL (plot 4 of 4)","A@LComp",2020-05-13 00:12:55,"StartTime: Tue May 12 23:59:21 2020"
"yield1_yield_curve.png","Yield curve","Yield",2020-05-13 00:12:55,"StartTime: Tue May 12 23:59:21 2020"
"yield2_yield_curve_with_refpoints.png","Yield curve with reference points","Yield",2020-05-13 00:12:55,"StartTime: Tue May 12 23:59:21 2020"
"yield3_surplus_production.png","Surplus production vs. biomass plot. For interpretation, see<br> <blockquote>Walters, Hilborn, and  Christensen, 2008, Surplus production dynamics in declining and recovering fish populations. <i>Can. J. Fish. Aquat. Sci.</i> 65: 2536-2551.</blockquote>","Yield",2020-05-13 00:12:55,"StartTime: Tue May 12 23:59:21 2020"
"data_plot.png","Data presence by year for each fleet and data type.","Data",2020-05-13 00:12:55,"StartTime: Tue May 12 23:59:21 2020"
"data_plot2.png","Data presence by year for each fleet, where circle area is <br>  relative within a data type. Circles are proportional to <br>  total catch for catches; to precision for indices, discards, and <br>  mean body weight observations; and to total sample size for <br> compositions and mean weight- or length-at-age observations. <br> 'Ghost' observations (not included in the likelihood) have <br> equal size for all years. <br> Note that since the circles are are scaled relative <br>  to maximum within each type, the scaling within separate plots <br>  should not be compared.","Data",2020-05-13 00:12:55,"StartTime: Tue May 12 23:59:21 2020"
"parameter_distributions_page1.png","Parameter distribution plots (plot 1 of 4). <br>Deviation parameters are not included. <br>Plotting range is equal to input limits on parameters. Use fitrange = TRUE to scale the range to the estimates.","Pars",2020-05-13 00:12:55,"StartTime: Tue May 12 23:59:21 2020"
"parameter_distributions_page2.png","Parameter distribution plots (plot 2 of 4).","Pars",2020-05-13 00:12:55,"StartTime: Tue May 12 23:59:21 2020"
"parameter_distributions_page3.png","Parameter distribution plots (plot 3 of 4).","Pars",2020-05-13 00:12:55,"StartTime: Tue May 12 23:59:21 2020"
"parameter_distributions_page5.png","Parameter distribution plots (plot 5 of 4).","Pars",2020-05-13 00:12:55,"StartTime: Tue May 12 23:59:21 2020"
"parameterchecks.html","Table of estimated parameters sorted by parameters with the largest gradients; any parameter with a gradient value with an absolute value above 0.001 (for SS 3.30 models) or a parameter on bounds is colored in red.","DiagnosticTables",2020-05-13 00:12:55,"StartTime: Tue May 12 23:59:21 2020"
